version,commit,date,team,points,change_from_previous,change_from_baseline
0,d454ecc,2026-08-26,Jukurit,70.85,0.0,0.0
0,d454ecc,2026-08-26,Sport,69.13,0.0,0.0
0,d454ecc,2026-08-26,HPK,86.13,0.0,0.0
0,d454ecc,2026-08-26,HIFK,99.12,0.0,0.0
0,d454ecc,2026-08-26,Ilves,104.16,0.0,0.0
0,d454ecc,2026-08-26,Kärpät,91.42,0.0,0.0
0,d454ecc,2026-08-26,KalPa,92.98,0.0,0.0
0,d454ecc,2026-08-26,Ässät,89.46,0.0,0.0
0,d454ecc,2026-08-26,Lukko,104.98,0.0,0.0
0,d454ecc,2026-08-26,K-Espoo,93.78,0.0,0.0
0,d454ecc,2026-08-26,TPS,78.94,0.0,0.0
0,d454ecc,2026-08-26,SaiPa,98.28,0.0,0.0
0,d454ecc,2026-08-26,JYP,96.47,0.0,0.0
0,d454ecc,2026-08-26,Tappara,115.26,0.0,0.0
0,d454ecc,2026-08-26,KooKoo,107.23,0.0,0.0
0,d454ecc,2026-08-26,Jokerit,98.6,0.0,0.0
0,d454ecc,2026-08-26,Pelicans,89.31,0.0,0.0
1,dd120d5,2026-09-15,Jukurit,72.44,1.59,1.59
1,dd120d5,2026-09-15,Sport,69.04,-0.1,-0.1
1,dd120d5,2026-09-15,HPK,86.53,0.4,0.4
1,dd120d5,2026-09-15,HIFK,99.42,0.29,0.29
1,dd120d5,2026-09-15,Ilves,104.08,-0.09,-0.09
1,dd120d5,2026-09-15,Kärpät,91.33,-0.09,-0.09
1,dd120d5,2026-09-15,KalPa,92.88,-0.1,-0.1
1,dd120d5,2026-09-15,Ässät,89.36,-0.1,-0.1
1,dd120d5,2026-09-15,Lukko,104.89,-0.09,-0.09
1,dd120d5,2026-09-15,K-Espoo,93.69,-0.09,-0.09
1,dd120d5,2026-09-15,TPS,78.84,-0.1,-0.1
1,dd120d5,2026-09-15,SaiPa,98.18,-0.1,-0.1
1,dd120d5,2026-09-15,JYP,96.37,-0.1,-0.1
1,dd120d5,2026-09-15,Tappara,115.19,-0.08,-0.08
1,dd120d5,2026-09-15,KooKoo,106.75,-0.49,-0.49
1,dd120d5,2026-09-15,Jokerit,98.51,-0.09,-0.09
1,dd120d5,2026-09-15,Pelicans,88.63,-0.68,-0.68
2,e340020,2026-10-09,Jukurit,73.2,0.77,2.36
2,e340020,2026-10-09,Sport,71.28,2.25,2.15
2,e340020,2026-10-09,HPK,86.83,0.3,0.7
2,e340020,2026-10-09,HIFK,99.4,-0.02,0.28
2,e340020,2026-10-09,Ilves,103.89,-0.19,-0.27
2,e340020,2026-10-09,Kärpät,91.14,-0.19,-0.28
2,e340020,2026-10-09,KalPa,92.7,-0.19,-0.28
2,e340020,2026-10-09,Ässät,89.17,-0.19,-0.29
2,e340020,2026-10-09,Lukko,104.69,-0.2,-0.29
2,e340020,2026-10-09,K-Espoo,93.48,-0.2,-0.3
2,e340020,2026-10-09,TPS,78.64,-0.2,-0.3
2,e340020,2026-10-09,SaiPa,97.97,-0.2,-0.3
2,e340020,2026-10-09,JYP,96.16,-0.2,-0.31
2,e340020,2026-10-09,Tappara,114.69,-0.49,-0.57
2,e340020,2026-10-09,KooKoo,106.56,-0.19,-0.67
2,e340020,2026-10-09,Jokerit,97.83,-0.68,-0.77
2,e340020,2026-10-09,Pelicans,88.45,-0.17,-0.85
