Name,Position,Price
Huuhtanen Niko,Forward,350 000€
Joki Atte,Forward,230 000€
Lehterä Jori,Forward,365 000€
Leppänen Ottoville,Forward,250 000€
Leschyshyn Jake,Forward,380 000€
Liukas Eetu,Forward,300 000€
Marleau Vincent,Forward,385 000€
Mäkiaho Daniel,Forward,325 000€
Pakarinen Iiro,Forward,320 000€
Repo Sebastian,Forward,395 000€
Somervuori Jere,Forward,240 000€
Uronen Anttoni,Forward,245 000€
Vanhatalo Lassi,Forward,255 000€
Alitalo Vili,Forward,220 000€
De Jong Ethan,Forward,300 000€
Hakulinen Anrei,Forward,340 000€
Huttunen Heikki,Forward,260 000€
Kainulainen Harri,Forward,265 000€
Kopiloff Oliver,Forward,225 000€
Korhonen Olli,Forward,265 000€
Kukuca Andrej,Forward,240 000€
MacEachern Connor,Forward,330 000€
Mäkinen Ilari,Forward,195 000€
Oden Joonas,Forward,305 000€
Päivärinta Sami,Forward,355 000€
Ranford Brendan,Forward,290 000€
Tallqvist Rasmus,Forward,220 000€
Vesterinen Roope,Forward,255 000€
Borg Erik,Forward,290 000€
Engberg Teemu,Forward,265 000€
Haatanen Aleks,Forward,285 000€
Heikkinen Iivari,Forward,230 000€
Henman Luke,Forward,345 000€
Hynninen Topias,Forward,280 000€
Jasek Lukas,Forward,415 000€
Järvinen Jan-Mikael,Forward,330 000€
Korhonen Benjamin,Forward,290 000€
Kos Ondrej,Forward,250 000€
Lantta Jaakko,Forward,245 000€
Laurell Eemil,Forward,215 000€
Lööke Jens,Forward,390 000€
Teuho-Markkola Timi,Forward,235 000€
Török Matic,Forward,360 000€
Curry Patrick,Forward,390 000€
Forslund Alexander,Forward,335 000€
Fortier Maxime,Forward,400 000€
Henriksson Jere,Forward,240 000€
Hännikäinen Markus,Forward,250 000€
Kalapudas Antti,Forward,355 000€
Kallio Bruno,Forward,200 000€
Kuusla Emil,Forward,295 000€
Lahnaviik Rasmus,Forward,200 000€
Liuksiala Jesse,Forward,215 000€
Mustonen Aleksi,Forward,245 000€
Nalli Miro,Forward,210 000€
Nikkanen Henri,Forward,365 000€
Pitkänen Kristo,Forward,220 000€
Suni Oliver,Forward,295 000€
Turunen Teemu,Forward,415 000€
Tuulola Eetu,Forward,275 000€
Virta Patrik,Forward,315 000€
Addamo Justin,Forward,260 000€
Ahonen Verneri,Forward,235 000€
Boudon Louis,Forward,265 000€
Ford Connor,Forward,335 000€
Frilander Jiro,Forward,245 000€
Hayhurst Jacob,Forward,330 000€
Horvath Bence,Forward,225 000€
Koponen Elias,Forward,240 000€
Olofsson Jesper,Forward,325 000€
Olsen Thomas,Forward,310 000€
Sjödin Linus,Forward,300 000€
Tammela Jeremi,Forward,295 000€
Costmar Arvid,Forward,280 000€
Huovila Santeri,Forward,370 000€
Huttu Elias,Forward,215 000€
Jaatinen Otto,Forward,200 000€
Korjus Julius,Forward,205 000€
Lassila Jere,Forward,375 000€
Liljamo Topias,Forward,220 000€
Mäkinen Otto,Forward,245 000€
Newkirk Reece,Forward,330 000€
Ojantakanen Valtteri,Forward,405 000€
Pesonen Harri,Forward,345 000€
Puustinen Juuso,Forward,285 000€
Torgersson Daniel,Forward,310 000€
True Alexander,Forward,325 000€
Tukiainen Leevi,Forward,435 000€
Vidgren Aaro,Forward,235 000€
From Mathias,Forward,325 000€
Hämäläinen Janne,Forward,255 000€
Järvinen Matti,Forward,280 000€
Kangasniemi Iikka,Forward,345 000€
Keinänen Juho,Forward,230 000€
Lajunen Jani,Forward,300 000€
Puolanne Elias,Forward,225 000€
Sallinen Jere,Forward,320 000€
Salovaara Eeli,Forward,200 000€
Suoniemi Tuomas,Forward,200 000€
Svejkovsky Lukas,Forward,275 000€
Talvitie Aarne,Forward,250 000€
Tuomaala Arttu,Forward,290 000€
Väisänen Jere,Forward,285 000€
Öberg Linus,Forward,330 000€
Borchardt Cade,Forward,285 000€
Hartikainen Teemu,Forward,370 000€
Jung Samuel,Forward,200 000€
Kapanen Konsta,Forward,330 000€
Klemetti Aleksi,Forward,315 000€
Kombe Kristjan,Forward,220 000€
Korkiakoski Tuukka,Forward,215 000€
Könönen Juuso,Forward,235 000€
Mäenpää Juuso,Forward,360 000€
Piitulainen Jesper,Forward,290 000€
Rissanen Jaakko,Forward,365 000€
Saarelainen Joona,Forward,285 000€
Somppi Otto,Forward,250 000€
Vilén Elias,Forward,280 000€
Davidsson Marcus,Forward,345 000€
Gallo Vilmos,Forward,320 000€
Holmström Axel,Forward,335 000€
Jaakola Ossi-Petteri,Forward,265 000€
Luoto Oskari,Forward,295 000€
Mazura Tomas,Forward,240 000€
Meskanen Ville,Forward,375 000€
Miettinen Veeti,Forward,380 000€
Miettinen Verner,Forward,220 000€
Mäkelä Manu,Forward,240 000€
Mäkinen Akseli,Forward,230 000€
Rooba Robert,Forward,340 000€
Siikonen Miska,Forward,355 000€
Sulku Santeri,Forward,245 000€
Valkeejärvi Samuel,Forward,235 000€
Antti-Roiko Aleksi,Forward,230 000€
Erholtz Eemil,Forward,345 000€
Hermonen Julius,Forward,230 000€
Hirvonen Roni,Forward,390 000€
Kantner Matyas,Forward,355 000€
Koivistoinen Eetu,Forward,350 000€
Nilsson Wiktor,Forward,265 000€
Okany Andreas,Forward,310 000€
Päkkilä Eetu,Forward,315 000€
Ratinen Samuli,Forward,305 000€
Tieksola Tuukka,Forward,255 000€
Tikka Tommi,Forward,280 000€
Törnqvist Henrik,Forward,250 000€
Viuhkola Nooa,Forward,220 000€
Beaucage Alex,Forward,400 000€
Haapanen Topias,Forward,235 000€
Hämäläinen Lenni,Forward,230 000€
Ikonen Henri,Forward,235 000€
Krannila Jami,Forward,280 000€
Liedes Heikki,Forward,315 000€
Mensonen Jasu,Forward,200 000€
Robert Felix,Forward,350 000€
Ruohomaa Mikael,Forward,390 000€
Saarela Aleksi,Forward,385 000€
Saarela Antti,Forward,370 000€
Trakht Daniil,Forward,215 000€
Tuuva Leo,Forward,255 000€
Vanninen Aapo,Forward,205 000€
Virtanen Santeri,Forward,280 000€
Batna Oskars,Forward,330 000€
Dudas Aidan,Forward,345 000€
Forsberg Christoffer,Forward,240 000€
Fortier Gabriel,Forward,335 000€
Hawel Liam,Forward,330 000€
Hämäläinen Sakke,Forward,245 000€
Karvinen Roni,Forward,315 000€
Kettunen Anton,Forward,215 000€
Kolehmainen Eerik,Forward,210 000€
Kumpula Joona,Forward,275 000€
Lind Onni,Forward,230 000€
Myklukha Oleksii,Forward,290 000€
Stapley Brett,Forward,320 000€
Teutari Eelis,Forward,225 000€
Väänänen Miro,Forward,245 000€
Bau Samu,Forward,240 000€
Emanuelsson Einar,Forward,315 000€
Fridrich Petr,Forward,360 000€
Heikkilä Juuso,Forward,250 000€
Hokkanen Otto,Forward,225 000€
Intonen Aarne,Forward,285 000€
Klintrup Eero,Forward,245 000€
Naukkarinen Janne,Forward,255 000€
Palmu Petrus,Forward,345 000€
Perttu Mikko,Forward,250 000€
Salomäki Miikka,Forward,340 000€
Siikanen Patrik,Forward,335 000€
Tauslahti Miro,Forward,220 000€
Zabaneh Nicholas,Forward,280 000€
Zemlicka Richard,Forward,205 000€
Zezelj Anze,Forward,230 000€
Bertrand Charles,Forward,320 000€
Diaco George,Forward,325 000€
Grainger Luke,Forward,295 000€
Granath Philip,Forward,280 000€
Heikkinen Lari,Forward,225 000€
Hult Oliver,Forward,220 000€
Härmä Matti,Forward,220 000€
Levänen Eetu,Forward,225 000€
Miketinac Kalle,Forward,265 000€
Nieminen Viljami,Forward,305 000€
Pietilä Benjamin,Forward,225 000€
Stråka Anton,Forward,235 000€
Sundström Johan,Forward,330 000€
Timonen Samuel,Forward,220 000€
Toivainen Waltteri,Forward,200 000€
Walther Isak,Forward,315 000€
Östman Kalle,Forward,320 000€
Blichfeld Joachim,Forward,450 000€
Fabre Dylan,Forward,365 000€
Haapala Henrik,Forward,285 000€
Lindqvist Michael,Forward,380 000€
Mattila Julius,Forward,335 000€
Nykänen Juuso,Forward,230 000€
Pavel Ondrej,Forward,245 000€
Rauhala Otto,Forward,270 000€
Rautiainen Benjamin,Forward,430 000€
Räsänen Aapeli,Forward,390 000€
Simontaival Kasper,Forward,345 000€
Suvanto Oliver,Forward,240 000€
Vanhatalo Vilho,Forward,220 000€
Wiå William,Forward,250 000€
Bryggman Lars,Forward,370 000€
Haudum Lukas,Forward,335 000€
Ikonen Joona,Forward,340 000€
Koivu Aatos,Forward,240 000€
Kuru Hannu,Forward,285 000€
Munkki Vili,Forward,225 000€
Määttä Joel,Forward,280 000€
Paajanen Otto,Forward,325 000€
Pikkarainen Kasper,Forward,245 000€
Virtanen Jeremi,Forward,205 000€
Wernblom Lukas,Forward,400 000€
Yliniemi Sisu,Forward,300 000€
Ylitalo Niklas,Forward,230 000€
Alasiurua Arttu,Forward,245 000€
Doucet Alexandre,Forward,335 000€
Hillis Cameron,Forward,320 000€
Juhola Patrik,Forward,290 000€
Kim Alexandr,Forward,255 000€
Klingberg Carl,Forward,280 000€
Knihti Feetu,Forward,260 000€
Kostilainen Sakari,Forward,270 000€
Lipiäinen Valtteri,Forward,270 000€
Noiva Nestor,Forward,310 000€
Olofsson Johan,Forward,265 000€
Pinard Simon,Forward,345 000€
Sebok Balázs,Forward,235 000€
Skinnari Axel,Forward,215 000€
Tiivola Peter,Forward,290 000€
Ylitalo Otso,Forward,225 000€
Äijälä Eeli,Forward,200 000€
Ahlroth Jesper,Defense,320 000€
Arkko Verneri,Defense,195 000€
Jalasti Bruno,Defense,235 000€
Kiviharju Aron,Defense,300 000€
Melart Ilari,Defense,280 000€
Nässen Linus,Defense,365 000€
Pilö Lukas,Defense,335 000€
Puutio Kasper,Defense,330 000€
Salmela Saku,Defense,245 000€
Sippola Ossi,Defense,205 000€
Andzans Arturs,Defense,235 000€
Gabrielson Hugo,Defense,305 000€
Jokirinne Viljami,Defense,300 000€
Kukkonen Miska,Defense,340 000€
Nychuk Chad,Defense,335 000€
Piironen Valtteri,Defense,260 000€
Pyke Garrett,Defense,245 000€
Wallenius Eerik,Defense,235 000€
Latvala Otto,Defense,250 000€
Lööf Leo,Defense,290 000€
Niskanen Arttu,Defense,240 000€
Nyberg John,Defense,310 000€
Parikka Jarkko,Defense,320 000€
Strand Austin,Defense,390 000€
Sund Tony,Defense,340 000€
Utunen Toni,Defense,300 000€
Caito Matthew,Defense,360 000€
Elorinne Aleksi,Defense,245 000€
Forsblom Saku,Defense,235 000€
Juolevi Olli,Defense,280 000€
Krogdahl Max,Defense,305 000€
Larsen Oliver,Defense,290 000€
Manninen Oskari,Defense,240 000€
Pulli Valtteri,Defense,310 000€
Tuhkanen Oliver,Defense,230 000€
Tumanovs Miks,Defense,235 000€
Tuomola Riku,Defense,265 000€
Fisk Johan,Defense,225 000€
Hodass Bogdans,Defense,240 000€
Korkola Niko,Defense,250 000€
Lintuniemi Alex,Defense,290 000€
Saari Eemeli,Defense,230 000€
Soini Sebastian,Defense,265 000€
Sustr Andrej,Defense,285 000€
Tiihonen Luka,Defense,250 000€
Arola Juuso,Defense,375 000€
Bourque Trent,Defense,325 000€
Jokinen Roni,Defense,245 000€
Liikonen Väinö,Defense,240 000€
Peltola Eetu,Defense,365 000€
Setkov Malte,Defense,260 000€
Vatanen Sami,Defense,410 000€
Vuontisvaara Ossi-Veikka,Defense,215 000€
Väisänen Veeti,Defense,310 000€
Arkiomaa Ville,Defense,210 000€
Aronsson Arvid,Defense,295 000€
Corcoran Connor,Defense,320 000€
Jurmo Joni,Defense,245 000€
Keskitalo Miro,Defense,250 000€
Kotkansalo Kasper,Defense,315 000€
Lajunen Ville,Defense,360 000€
Näkyvä Kristian,Defense,375 000€
Peltomäki Niklas,Defense,255 000€
Gallet Hugo,Defense,270 000€
Jokinen Mitja,Defense,225 000€
Kanak Lukas,Defense,275 000€
Ketola Juuso,Defense,230 000€
Kotajärvi Jesper,Defense,225 000€
Lappalainen Lasse,Defense,335 000€
Lyytinen Joonas,Defense,325 000€
Mononen Veikka,Defense,245 000€
Ruotsalainen Ville,Defense,420 000€
Berger Joseph,Defense,345 000€
Gröndahl Ari,Defense,260 000€
Nousiainen Kim,Defense,350 000€
Nykyri Niklas,Defense,240 000€
Pakaslahti Aleksi,Defense,230 000€
Pelli Arttu,Defense,305 000€
Puhakka Ville,Defense,280 000€
Pärssinen Jiri,Defense,245 000€
Riekkinen Joona,Defense,255 000€
Loponen Kalle,Defense,345 000€
Matinmikko Aleksi,Defense,375 000€
Paaso Arttu,Defense,265 000€
Rissanen Rasmus,Defense,300 000€
Ruotsalainen Veeti,Defense,220 000€
Salmela Tuomas,Defense,270 000€
Soini Kasper,Defense,245 000€
Tichacek Jiri,Defense,395 000€
Floris Jakub,Defense,220 000€
Harpur Chris,Defense,265 000€
Olsson Anton,Defense,300 000€
Seppälä Peetro,Defense,345 000€
Stenqvist Jakob,Defense,415 000€
Tukiainen Jirko,Defense,215 000€
Viitasalo Nuutti,Defense,320 000€
Välilä Arttu,Defense,240 000€
Amhamdi Onni,Defense,200 000€
Falk Hampus,Defense,275 000€
Johannesen Johannes,Defense,270 000€
Jordan Michal,Defense,300 000€
Kousa Mikko,Defense,335 000€
Käyhkö Onni,Defense,235 000€
Lerby Carl-Johan,Defense,295 000€
Luhanka Einari,Defense,240 000€
Nurmi Valtteri,Defense,220 000€
Nutivaara Markus,Defense,325 000€
Aho Karri,Defense,270 000€
Airola Santeri,Defense,390 000€
Kramer Brian,Defense,320 000€
Niinisaari Samuli,Defense,295 000€
Peski Andrew,Defense,290 000€
Salminen Saku,Defense,255 000€
Svensk Vertti,Defense,225 000€
Trejbal Ondrej,Defense,305 000€
Burger Eric,Defense,260 000€
Ervasti Kalle,Defense,295 000€
Johnsson Theodor,Defense,250 000€
Kangas Kalle,Defense,230 000€
Koivisto Miika,Defense,300 000€
Laatikainen Max,Defense,215 000€
Viljanen Valtteri,Defense,290 000€
Åkerström Simon,Defense,330 000€
Almari Niclas,Defense,310 000€
Jokipakka Jyrki,Defense,430 000€
Kulonummi Kasper,Defense,325 000€
Mattila Jesper,Defense,335 000€
Piiparinen Juho,Defense,215 000€
Räsänen Iivari,Defense,210 000€
Strandell Olle,Defense,365 000€
Tuulola Joni,Defense,350 000€
Binner Alexis,Defense,380 000€
Friman Niklas,Defense,315 000€
Landen Axel,Defense,250 000€
Lauridsen Oliver,Defense,265 000€
Lehtonen Sisu-Petteri,Defense,250 000€
Rafkin Ruben,Defense,285 000€
Tuhkala Arttu,Defense,240 000€
Vilhunen Pyry,Defense,200 000€
Anttalainen Aleksi,Defense,320 000€
Boelius Lasse,Defense,255 000€
Heinilä Eemeli,Defense,220 000€
Jürgens Casimir,Defense,260 000€
Määttä Rami,Defense,330 000€
Nikkilä Petteri,Defense,305 000€
Nurmi Petteri,Defense,315 000€
Riihinen Petteri,Defense,245 000€
Alnefelt Hugo,Goalie,340 000€
Elias Rastislav,Goalie,290 000€
Juel Tim,Goalie,350 000€
Crespin Jakob,Goalie,310 000€
Saarinen Kim,Goalie,335 000€
Väyrynen Max,Goalie,280 000€
Armalis Mantas,Goalie,355 000€
Rifalk Christoffer,Goalie,350 000€
Eriksson Ek Olle,Goalie,325 000€
Selin Lukas,Goalie,280 000€
Vehviläinen Veini,Goalie,345 000€
Herpin Matthieu,Goalie,300 000€
Kolehmainen Ville,Goalie,260 000€
Myrenberg Jesper,Goalie,315 000€
Hannikainen Otto,Goalie,285 000€
Salminen Oskari,Goalie,360 000€
Setänen Oskari,Goalie,350 000€
Karjalainen Aleksi,Goalie,260 000€
Rajaniemi Sami,Goalie,335 000€
Rimpinen Petteri,Goalie,340 000€
Korhonen Rasmus,Goalie,300 000€
Lekkas Stefanos,Goalie,360 000€
Patrikainen Jasper,Goalie,320 000€
Randelin Eetu,Goalie,365 000€
Rubin Niklas,Goalie,355 000€
Vedenpää Visa,Goalie,325 000€
Raanta Antti,Goalie,345 000€
Salonen Daniel,Goalie,340 000€
Bartosak Patrik,Goalie,365 000€
Olkinuora Jussi,Goalie,330 000€
Poletin Frantisek,Goalie,250 000€
Grigals Gustavs,Goalie,340 000€
Hiltunen Ville-Veikko,Goalie,275 000€
Piiroinen Kari,Goalie,350 000€
Härkönen Masi,Goalie,300 000€
Ortio Joni,Goalie,320 000€
Heljanko Christian,Goalie,370 000€
Metsola Juha,Goalie,345 000€
Mäkiniemi Eetu,Goalie,340 000€
Niittymäki Aatu,Goalie,275 000€
Ruusu Markus,Goalie,300 000€
Vali Noa,Goalie,335 000€
Bednar Jan,Goalie,350 000€
Lammi Pyry,Goalie,260 000€
Taponen Roope,Goalie,300 000€